,Unnamed: 0,Unnamed: 0.1,Unnamed: 0.1.1,Unnamed: 0.1.1.1,Unnamed: 0.1.1.1.1,Unnamed: 0.1.1.1.1.1,Unnamed: 0.1.1.1.1.1.1,Unnamed: 0.1.1.1.1.1.1.1,Unnamed: 0.1.1.1.1.1.1.1.1,Unnamed: 0.1.1.1.1.1.1.1.1.1,Unnamed: 0.1.1.1.1.1.1.1.1.1.1,Unnamed: 0.1.1.1.1.1.1.1.1.1.1.1,keys,Language,Translation
0,0,0,0,0,0,0,0,0,0,0.0,0.0,0.0,arrival,Persian,ورود 
1,1,1,1,1,1,1,1,1,1,1.0,1.0,0.0,arrival,Pashto,راتګ 
2,2,2,2,2,2,2,2,2,2,2.0,2.0,0.0,arrival,English,arrival 
3,3,3,3,3,3,3,3,3,3,3.0,3.0,0.0,arrival,Arabic,وصول 
4,4,4,4,4,4,4,4,4,4,4.0,4.0,0.0,arrival,Belarusian,прыбыццё 
5,5,5,5,5,5,5,5,5,5,5.0,5.0,0.0,arrival,Kurdish,hatinî 
6,6,6,6,6,6,6,6,6,6,6.0,6.0,0.0,arrival,French,arrivée 
7,7,7,7,7,7,7,7,7,7,7.0,7.0,0.0,arrival,Urdu,آمد 
8,8,8,8,8,8,8,8,8,8,8.0,8.0,0.0,arrival,Russian,прибытие 
9,9,9,9,9,9,9,9,9,9,9.0,9.0,0.0,arrival,Somali,imaanshaha 
10,10,10,10,10,10,10,10,10,10,10.0,10.0,0.0,arrival,Turkish,varış 
11,11,11,11,11,11,11,11,11,11,11.0,11.0,0.0,arrival,Ukrainian,прибуття 
12,12,12,12,12,12,12,12,12,12,12.0,12.0,0.0,arrival,Albanian,mbërritja 
13,13,13,13,13,13,13,13,13,13,13.0,13.0,0.0,arrival,Portuguese,chegada 
14,14,14,14,14,14,14,14,14,14,14.0,14.0,0.0,arrival,Azerbaijani,gəliş 
15,15,15,15,15,15,15,15,15,15,15.0,15.0,0.0,arrival,Bengali,আগমন 
16,16,16,16,16,16,16,16,16,16,16.0,16.0,0.0,arrival,Mandarin,到达 
17,17,17,17,17,17,17,17,17,17,17.0,17.0,0.0,arrival,Spanish,llegada 
18,18,18,18,18,18,18,18,18,18,18.0,18.0,0.0,arrival,Amharic,መምጣት 
19,19,19,19,19,19,19,19,19,19,19.0,19.0,0.0,arrival,Georgian,ჩამოსვლა 
20,20,20,20,20,20,20,20,20,20,20.0,20.0,0.0,arrival,Kazakh,келу 
21,21,21,21,21,21,21,21,21,21,21.0,21.0,0.0,arrival,Swahili,kuwasili 
22,22,22,22,22,22,22,22,22,22,22.0,22.0,0.0,arrival,Croatian,dolazak 
23,23,23,23,23,23,23,23,23,23,23.0,23.0,0.0,arrival,Kyrgyz,келүү 
24,24,24,24,24,24,24,24,24,24,24.0,24.0,0.0,arrival,Romanian,sosire 
25,25,25,25,25,25,25,25,25,25,25.0,25.0,0.0,arrival,Burmese,ရောက်ပြီ 
26,26,26,26,26,26,26,26,26,26,26.0,26.0,0.0,arrival,Nepali,आगमन 
27,27,27,27,27,27,27,27,27,27,27.0,27.0,0.0,arrival,Hausa,isowa 
28,28,28,28,28,28,28,28,28,28,28.0,28.0,0.0,arrival,Igbo,mbata 
29,29,29,29,29,29,29,29,29,29,29.0,29.0,0.0,arrival,Filipino,pagdating 
30,30,30,30,30,30,30,30,30,30,30.0,30.0,0.0,arrival,Cebuano,pag-abot 
31,31,31,31,31,31,31,31,31,31,31.0,31.0,0.0,arrival,Afrikaans,aankoms 
32,32,32,32,32,32,32,32,32,32,32.0,32.0,0.0,arrival,Tajiki,расидан 
33,33,33,33,33,33,33,33,33,33,33.0,33.0,0.0,arrival,Uzbek,kelish 
34,34,34,34,34,34,34,34,34,34,34.0,34.0,0.0,arrival,Vietnamese,đến 
35,35,35,35,35,35,35,35,35,35,35.0,35.0,0.0,arrival,Armenian,ժամանում 
36,36,36,36,36,36,36,36,36,36,36.0,36.0,0.0,arrival,Macedonian,пристигнување 
37,37,37,37,37,37,37,37,37,37,37.0,37.0,0.0,arrival,Sinhala,පැමිණීම 
38,38,38,38,38,38,38,38,38,38,38.0,38.0,0.0,arrival,Tamil,வருகை 
39,39,39,39,39,39,39,39,39,39,39.0,39.0,0.0,arrival,Turkmen,gelmegi 
40,40,40,40,40,40,40,40,40,40,40.0,40.0,0.0,arrival,Indonesian,kedatangan 
41,41,41,41,41,41,41,41,41,41,41.0,41.0,0.0,arrival,Lao,ການມາເຖິງ 
42,42,42,42,42,42,42,42,42,42,42.0,42.0,0.0,passport,Persian,گذرنامه 
43,43,43,43,43,43,43,43,43,43,43.0,43.0,0.0,passport,Pashto,پاسپورټ 
44,44,44,44,44,44,44,44,44,44,44.0,44.0,0.0,passport,English,passport 
45,45,45,45,45,45,45,45,45,45,45.0,45.0,0.0,passport,Arabic,جواز سفر 
46,46,46,46,46,46,46,46,46,46,46.0,46.0,0.0,passport,Belarusian,пашпарт 
47,47,47,47,47,47,47,47,47,47,47.0,47.0,0.0,passport,Kurdish,pesport 
48,48,48,48,48,48,48,48,48,48,48.0,48.0,0.0,passport,French,passeport 
49,49,49,49,49,49,49,49,49,49,49.0,49.0,0.0,passport,Urdu,پاسپورٹ 
50,50,50,50,50,50,50,50,50,50,50.0,50.0,0.0,passport,Russian,заграничный пасспорт 
51,51,51,51,51,51,51,51,51,51,51.0,51.0,0.0,passport,Somali,baasaboor 
52,52,52,52,52,52,52,52,52,52,52.0,52.0,0.0,passport,Turkish,pasaport 
53,53,53,53,53,53,53,53,53,53,53.0,53.0,0.0,passport,Ukrainian,паспорт 
54,54,54,54,54,54,54,54,54,54,54.0,54.0,0.0,passport,Albanian,pasaporta 
55,55,55,55,55,55,55,55,55,55,55.0,55.0,0.0,passport,Portuguese,Passaporte 
56,56,56,56,56,56,56,56,56,56,56.0,56.0,0.0,passport,Azerbaijani,pasport 
57,57,57,57,57,57,57,57,57,57,57.0,57.0,0.0,passport,Bengali,পাসপোর্ট 
58,58,58,58,58,58,58,58,58,58,58.0,58.0,0.0,passport,Mandarin,护照 
59,59,59,59,59,59,59,59,59,59,59.0,59.0,0.0,passport,Spanish,pasaporte 
60,60,60,60,60,60,60,60,60,60,60.0,60.0,0.0,passport,Amharic,ፓስፖርት 
61,61,61,61,61,61,61,61,61,61,61.0,61.0,0.0,passport,Georgian,პასპორტი 
62,62,62,62,62,62,62,62,62,62,62.0,62.0,0.0,passport,Kazakh,паспорт 
63,63,63,63,63,63,63,63,63,63,63.0,63.0,0.0,passport,Swahili,pasipoti 
64,64,64,64,64,64,64,64,64,64,64.0,64.0,0.0,passport,Croatian,putovnica 
65,65,65,65,65,65,65,65,65,65,65.0,65.0,0.0,passport,Kyrgyz,паспорт 
66,66,66,66,66,66,66,66,66,66,66.0,66.0,0.0,passport,Romanian,pașaport 
67,67,67,67,67,67,67,67,67,67,67.0,67.0,0.0,passport,Burmese,နိုင်ငံကူးလက်မှတ် 
68,68,68,68,68,68,68,68,68,68,68.0,68.0,0.0,passport,Nepali,राहदानी 
69,69,69,69,69,69,69,69,69,69,69.0,69.0,0.0,passport,Hausa,fasfo 
70,70,70,70,70,70,70,70,70,70,70.0,70.0,0.0,passport,Igbo,paspọtụ 
71,71,71,71,71,71,71,71,71,71,71.0,71.0,0.0,passport,Filipino,pasaporte 
72,72,72,72,72,72,72,72,72,72,72.0,72.0,0.0,passport,Cebuano,passport 
73,73,73,73,73,73,73,73,73,73,73.0,73.0,0.0,passport,Afrikaans,paspoort 
74,74,74,74,74,74,74,74,74,74,74.0,74.0,0.0,passport,Tajiki,шиноснома 
75,75,75,75,75,75,75,75,75,75,75.0,75.0,0.0,passport,Uzbek,pasport 
76,76,76,76,76,76,76,76,76,76,76.0,76.0,0.0,passport,Vietnamese,hộ chiếu 
77,77,77,77,77,77,77,77,77,77,77.0,77.0,0.0,passport,Armenian,անձնագիր 
78,78,78,78,78,78,78,78,78,78,78.0,78.0,0.0,passport,Macedonian,пасош 
79,79,79,79,79,79,79,79,79,79,79.0,79.0,0.0,passport,Sinhala,ගමන් බලපත්ර 
80,80,80,80,80,80,80,80,80,80,80.0,80.0,0.0,passport,Tamil,கடவுச்சீட்டு 
81,81,81,81,81,81,81,81,81,81,81.0,81.0,0.0,passport,Turkmen,pasport 
82,82,82,82,82,82,82,82,82,82,82.0,82.0,0.0,passport,Indonesian,paspor 
83,83,83,83,83,83,83,83,83,83,83.0,83.0,0.0,passport,Lao,ໜັງ ສືເດີນທາງ 
84,84,84,84,84,84,84,84,84,84,84.0,84.0,0.0,visaquota,Persian,سهمیه ویزا 
85,85,85,85,85,85,85,85,85,85,85.0,85.0,0.0,visaquota,Pashto,ویسکوټه 
86,86,86,86,86,86,86,86,86,86,86.0,86.0,0.0,visaquota,English,visaquota 
87,87,87,87,87,87,87,87,87,87,87.0,87.0,0.0,visaquota,Arabic,فيزاكووتا 
88,88,88,88,88,88,88,88,88,88,88.0,88.0,0.0,visaquota,Belarusian,візавая квота 
89,89,89,89,89,89,89,89,89,89,89.0,89.0,0.0,visaquota,Kurdish,visaquota 
90,90,90,90,90,90,90,90,90,90,90.0,90.0,0.0,visaquota,French,visaquota 
91,91,91,91,91,91,91,91,91,91,91.0,91.0,0.0,visaquota,Urdu,ویزاکوٹا 
92,92,92,92,92,92,92,92,92,92,92.0,92.0,0.0,visaquota,Russian,Visaquota 
93,93,93,93,93,93,93,93,93,93,93.0,93.0,0.0,visaquota,Somali,visaquota 
94,94,94,94,94,94,94,94,94,94,94.0,94.0,0.0,visaquota,Turkish,visaquota 
95,95,95,95,95,95,95,95,95,95,95.0,95.0,0.0,visaquota,Ukrainian,візові квоти 
96,96,96,96,96,96,96,96,96,96,96.0,96.0,0.0,visaquota,Albanian,kuota e vizave 
97,97,97,97,97,97,97,97,97,97,97.0,97.0,0.0,visaquota,Portuguese,visaquota 
98,98,98,98,98,98,98,98,98,98,98.0,98.0,0.0,visaquota,Azerbaijani,visaquota 
99,99,99,99,99,99,99,99,99,99,99.0,99.0,0.0,visaquota,Bengali,ভিসাকোটা 
100,100,100,100,100,100,100,100,100,100,100.0,100.0,0.0,visaquota,Mandarin,签证配额 
101,101,101,101,101,101,101,101,101,101,101.0,101.0,0.0,visaquota,Spanish,visaquota 
102,102,102,102,102,102,102,102,102,102,102.0,102.0,0.0,visaquota,Amharic,የቪዛኮታ 
103,103,103,103,103,103,103,103,103,103,103.0,103.0,0.0,visaquota,Georgian,ვიზოვოტა 
104,104,104,104,104,104,104,104,104,104,104.0,104.0,0.0,visaquota,Kazakh,висакуота 
105,105,105,105,105,105,105,105,105,105,105.0,105.0,0.0,visaquota,Swahili,visaquota 
106,106,106,106,106,106,106,106,106,106,106.0,106.0,0.0,visaquota,Croatian,visaquota 
107,107,107,107,107,107,107,107,107,107,107.0,107.0,0.0,visaquota,Kyrgyz,visaquota 
108,108,108,108,108,108,108,108,108,108,108.0,108.0,0.0,visaquota,Romanian,visaquota 
109,109,109,109,109,109,109,109,109,109,109.0,109.0,0.0,visaquota,Burmese,မင်္ဂလာပါ 
110,110,110,110,110,110,110,110,110,110,110.0,110.0,0.0,visaquota,Nepali,भिस्कोटा 
111,111,111,111,111,111,111,111,111,111,111.0,111.0,0.0,visaquota,Hausa,visaquota 
112,112,112,112,112,112,112,112,112,112,112.0,112.0,0.0,visaquota,Igbo,visaquota 
113,113,113,113,113,113,113,113,113,113,113.0,113.0,0.0,visaquota,Filipino,visaquota 
114,114,114,114,114,114,114,114,114,114,114.0,114.0,0.0,visaquota,Cebuano,visaquota 
115,115,115,115,115,115,115,115,115,115,115.0,115.0,0.0,visaquota,Afrikaans,visakwota 
116,116,116,116,116,116,116,116,116,116,116.0,116.0,0.0,visaquota,Tajiki,висакуота 
117,117,117,117,117,117,117,117,117,117,117.0,117.0,0.0,visaquota,Uzbek,visakuota 
118,118,118,118,118,118,118,118,118,118,118.0,118.0,0.0,visaquota,Vietnamese,hạn ngạch thị thực 
119,119,119,119,119,119,119,119,119,119,119.0,119.0,0.0,visaquota,Armenian,վիզա-քվոտա 
120,120,120,120,120,120,120,120,120,120,120.0,120.0,0.0,visaquota,Macedonian,визна квота 
121,121,121,121,121,121,121,121,121,121,121.0,121.0,0.0,visaquota,Sinhala,වීසාකෝටා 
122,122,122,122,122,122,122,122,122,122,122.0,122.0,0.0,visaquota,Tamil,விசாகோட்டா 
123,123,123,123,123,123,123,123,123,123,123.0,123.0,0.0,visaquota,Turkmen,wiza 
124,124,124,124,124,124,124,124,124,124,124.0,124.0,0.0,visaquota,Indonesian,visaquota 
125,125,125,125,125,125,125,125,125,125,125.0,125.0,0.0,visaquota,Lao,Visaquota 
126,126,126,126,126,126,126,126,126,126,126.0,126.0,0.0,migrant,Persian,مهاجر 
127,127,127,127,127,127,127,127,127,127,127.0,127.0,0.0,migrant,Pashto,مهاجر 
128,128,128,128,128,128,128,128,128,128,128.0,128.0,0.0,migrant,English,migrant 
129,129,129,129,129,129,129,129,129,129,129.0,129.0,0.0,migrant,Arabic,مهاجر 
130,130,130,130,130,130,130,130,130,130,130.0,130.0,0.0,migrant,Belarusian,мігрант 
131,131,131,131,131,131,131,131,131,131,131.0,131.0,0.0,migrant,Kurdish,koçber 
132,132,132,132,132,132,132,132,132,132,132.0,132.0,0.0,migrant,French,"['migrant', 'migrante']"
133,133,133,133,133,133,133,133,133,133,133.0,133.0,0.0,migrant,Urdu,مہاجر 
134,134,134,134,134,134,134,134,134,134,134.0,134.0,0.0,migrant,Russian,мигрант 
135,135,135,135,135,135,135,135,135,135,135.0,135.0,0.0,migrant,Somali,haajiray 
136,136,136,136,136,136,136,136,136,136,136.0,136.0,0.0,migrant,Turkish,göçmen 
137,137,137,137,137,137,137,137,137,137,137.0,137.0,0.0,migrant,Ukrainian,мігрант 
138,138,138,138,138,138,138,138,138,138,138.0,138.0,0.0,migrant,Albanian,migrant 
139,139,139,139,139,139,139,139,139,139,139.0,139.0,0.0,migrant,Portuguese,migrante 
140,140,140,140,140,140,140,140,140,140,140.0,140.0,0.0,migrant,Azerbaijani,miqrant 
141,141,141,141,141,141,141,141,141,141,141.0,141.0,0.0,migrant,Bengali,অভিবাসী 
142,142,142,142,142,142,142,142,142,142,142.0,142.0,0.0,migrant,Mandarin,移民 
143,143,143,143,143,143,143,143,143,143,143.0,143.0,0.0,migrant,Spanish,inmigrante 
144,144,144,144,144,144,144,144,144,144,144.0,144.0,0.0,migrant,Amharic,ስደተኛ 
145,145,145,145,145,145,145,145,145,145,145.0,145.0,0.0,migrant,Georgian,მიგრანტი 
146,146,146,146,146,146,146,146,146,146,146.0,146.0,0.0,migrant,Kazakh,мигрант 
147,147,147,147,147,147,147,147,147,147,147.0,147.0,0.0,migrant,Swahili,mhamiaji 
148,148,148,148,148,148,148,148,148,148,148.0,148.0,0.0,migrant,Croatian,migrant 
149,149,149,149,149,149,149,149,149,149,149.0,149.0,0.0,migrant,Kyrgyz,мигрант 
150,150,150,150,150,150,150,150,150,150,150.0,150.0,0.0,migrant,Romanian,migrant 
151,151,151,151,151,151,151,151,151,151,151.0,151.0,0.0,migrant,Burmese,ရွှေ့ပြောင်းသူ 
152,152,152,152,152,152,152,152,152,152,152.0,152.0,0.0,migrant,Nepali,प्रवासी 
153,153,153,153,153,153,153,153,153,153,153.0,153.0,0.0,migrant,Hausa,ƙaura 
154,154,154,154,154,154,154,154,154,154,154.0,154.0,0.0,migrant,Igbo,kwagara 
155,155,155,155,155,155,155,155,155,155,155.0,155.0,0.0,migrant,Filipino,migrant 
156,156,156,156,156,156,156,156,156,156,156.0,156.0,0.0,migrant,Cebuano,milalin 
157,157,157,157,157,157,157,157,157,157,157.0,157.0,0.0,migrant,Afrikaans,migrerende 
158,158,158,158,158,158,158,158,158,158,158.0,158.0,0.0,migrant,Tajiki,муҳоҷир 
159,159,159,159,159,159,159,159,159,159,159.0,159.0,0.0,migrant,Uzbek,migrant 
160,160,160,160,160,160,160,160,160,160,160.0,160.0,0.0,migrant,Vietnamese,di dân 
161,161,161,161,161,161,161,161,161,161,161.0,161.0,0.0,migrant,Armenian,գաղթական 
162,162,162,162,162,162,162,162,162,162,162.0,162.0,0.0,migrant,Macedonian,мигрант 
163,163,163,163,163,163,163,163,163,163,163.0,163.0,0.0,migrant,Sinhala,සංක්‍රමණික 
164,164,164,164,164,164,164,164,164,164,164.0,164.0,0.0,migrant,Tamil,குடியேறியவர் 
165,165,165,165,165,165,165,165,165,165,165.0,165.0,0.0,migrant,Turkmen,migrant 
166,166,166,166,166,166,166,166,166,166,166.0,166.0,0.0,migrant,Indonesian,migran 
167,167,167,167,167,167,167,167,167,167,167.0,167.0,0.0,migrant,Lao,ອົບພະຍົບ 
168,168,168,168,168,168,168,168,168,168,168.0,168.0,0.0,immigrant,Persian,مهاجر 
169,169,169,169,169,169,169,169,169,169,169.0,169.0,0.0,immigrant,Pashto,کډوال 
170,170,170,170,170,170,170,170,170,170,170.0,170.0,0.0,immigrant,English,immigrant 
171,171,171,171,171,171,171,171,171,171,171.0,171.0,0.0,immigrant,Arabic,مهاجر 
172,172,172,172,172,172,172,172,172,172,172.0,172.0,0.0,immigrant,Belarusian,імігрант 
173,173,173,173,173,173,173,173,173,173,173.0,173.0,0.0,immigrant,Kurdish,nûhhatî 
174,174,174,174,174,174,174,174,174,174,174.0,174.0,0.0,immigrant,French,"['immigrant', 'immigrante']"
175,175,175,175,175,175,175,175,175,175,175.0,175.0,0.0,immigrant,Urdu,مہاجر 
176,176,176,176,176,176,176,176,176,176,176.0,176.0,0.0,immigrant,Russian,иммигрант 
177,177,177,177,177,177,177,177,177,177,177.0,177.0,0.0,immigrant,Somali,soo galooti ah 
178,178,178,178,178,178,178,178,178,178,178.0,178.0,0.0,immigrant,Turkish,göçmen 
179,179,179,179,179,179,179,179,179,179,179.0,179.0,0.0,immigrant,Ukrainian,іммігрант 
180,180,180,180,180,180,180,180,180,180,180.0,180.0,0.0,immigrant,Albanian,emigrant 
181,181,181,181,181,181,181,181,181,181,181.0,181.0,0.0,immigrant,Portuguese,imigrante 
182,182,182,182,182,182,182,182,182,182,182.0,182.0,0.0,immigrant,Azerbaijani,immiqrant 
183,183,183,183,183,183,183,183,183,183,183.0,183.0,0.0,immigrant,Bengali,অভিবাসী 
184,184,184,184,184,184,184,184,184,184,184.0,184.0,0.0,immigrant,Mandarin,移民 
185,185,185,185,185,185,185,185,185,185,185.0,185.0,0.0,immigrant,Spanish,inmigrante 
186,186,186,186,186,186,186,186,186,186,186.0,186.0,0.0,immigrant,Amharic,ስደተኛ 
187,187,187,187,187,187,187,187,187,187,187.0,187.0,0.0,immigrant,Georgian,იმიგრანტი 
188,188,188,188,188,188,188,188,188,188,188.0,188.0,0.0,immigrant,Kazakh,иммигрант 
189,189,189,189,189,189,189,189,189,189,189.0,189.0,0.0,immigrant,Swahili,mhamiaji 
190,190,190,190,190,190,190,190,190,190,190.0,190.0,0.0,immigrant,Croatian,doseljenik 
191,191,191,191,191,191,191,191,191,191,191.0,191.0,0.0,immigrant,Kyrgyz,иммигрант 
192,192,192,192,192,192,192,192,192,192,192.0,192.0,0.0,immigrant,Romanian,imigrant 
193,193,193,193,193,193,193,193,193,193,193.0,193.0,0.0,immigrant,Burmese,လူဝင်မှုကြီးကြပ်ရေး 
194,194,194,194,194,194,194,194,194,194,194.0,194.0,0.0,immigrant,Nepali,आप्रवासी 
195,195,195,195,195,195,195,195,195,195,195.0,195.0,0.0,immigrant,Hausa,bakin haure 
196,196,196,196,196,196,196,196,196,196,196.0,196.0,0.0,immigrant,Igbo,onye kwabatara 
197,197,197,197,197,197,197,197,197,197,197.0,197.0,0.0,immigrant,Filipino,imigrante 
198,198,198,198,198,198,198,198,198,198,198.0,198.0,0.0,immigrant,Cebuano,imigrante 
199,199,199,199,199,199,199,199,199,199,199.0,199.0,0.0,immigrant,Afrikaans,immigrant 
200,200,200,200,200,200,200,200,200,200,200.0,200.0,0.0,immigrant,Tajiki,муҳоҷир 
201,201,201,201,201,201,201,201,201,201,201.0,201.0,0.0,immigrant,Uzbek,muhojir 
202,202,202,202,202,202,202,202,202,202,202.0,202.0,0.0,immigrant,Vietnamese,di trú 
203,203,203,203,203,203,203,203,203,203,203.0,203.0,0.0,immigrant,Armenian,ներգաղթյալ 
204,204,204,204,204,204,204,204,204,204,204.0,204.0,0.0,immigrant,Macedonian,имигрант 
205,205,205,205,205,205,205,205,205,205,205.0,205.0,0.0,immigrant,Sinhala,සංක්‍රමණික 
206,206,206,206,206,206,206,206,206,206,206.0,206.0,0.0,immigrant,Tamil,குடியேறியவர் 
207,207,207,207,207,207,207,207,207,207,207.0,207.0,0.0,immigrant,Turkmen,immigrant 
208,208,208,208,208,208,208,208,208,208,208.0,208.0,0.0,immigrant,Indonesian,imigran 
209,209,209,209,209,209,209,209,209,209,209.0,209.0,0.0,immigrant,Lao,ຄົນອົບພະຍົບ 
210,210,210,210,210,210,210,210,210,210,210.0,210.0,0.0,emigrant,Persian,مهاجر 
211,211,211,211,211,211,211,211,211,211,211.0,211.0,0.0,emigrant,Pashto,مهاجر 
212,212,212,212,212,212,212,212,212,212,212.0,212.0,0.0,emigrant,English,emigrant 
213,213,213,213,213,213,213,213,213,213,213.0,213.0,0.0,emigrant,Arabic,مهاجر 
214,214,214,214,214,214,214,214,214,214,214.0,214.0,0.0,emigrant,Belarusian,эмігрант 
215,215,215,215,215,215,215,215,215,215,215.0,215.0,0.0,emigrant,Kurdish,welatberda 
216,216,216,216,216,216,216,216,216,216,216.0,216.0,0.0,emigrant,French,"['émigrant', 'émigrante']"
217,217,217,217,217,217,217,217,217,217,217.0,217.0,0.0,emigrant,Urdu,مہاجر 
218,218,218,218,218,218,218,218,218,218,218.0,218.0,0.0,emigrant,Russian,эмигрант 
219,219,219,219,219,219,219,219,219,219,219.0,219.0,0.0,emigrant,Somali,haajiray 
220,220,220,220,220,220,220,220,220,220,220.0,220.0,0.0,emigrant,Turkish,göçmen 
221,221,221,221,221,221,221,221,221,221,221.0,221.0,0.0,emigrant,Ukrainian,емігрант 
222,222,222,222,222,222,222,222,222,222,222.0,222.0,0.0,emigrant,Albanian,emigrant 
223,223,223,223,223,223,223,223,223,223,223.0,223.0,0.0,emigrant,Portuguese,emigrante 
224,224,224,224,224,224,224,224,224,224,224.0,224.0,0.0,emigrant,Azerbaijani,mühacir 
225,225,225,225,225,225,225,225,225,225,225.0,225.0,0.0,emigrant,Bengali,অভিবাসী 
226,226,226,226,226,226,226,226,226,226,226.0,226.0,0.0,emigrant,Mandarin,移民 
227,227,227,227,227,227,227,227,227,227,227.0,227.0,0.0,emigrant,Spanish,emigrante 
228,228,228,228,228,228,228,228,228,228,228.0,228.0,0.0,emigrant,Amharic,ስደተኛ 
229,229,229,229,229,229,229,229,229,229,229.0,229.0,0.0,emigrant,Georgian,ემიგრანტი 
230,230,230,230,230,230,230,230,230,230,230.0,230.0,0.0,emigrant,Kazakh,эмигрант 
231,231,231,231,231,231,231,231,231,231,231.0,231.0,0.0,emigrant,Swahili,wahamiaji 
232,232,232,232,232,232,232,232,232,232,232.0,232.0,0.0,emigrant,Croatian,emigrant 
233,233,233,233,233,233,233,233,233,233,233.0,233.0,0.0,emigrant,Kyrgyz,эмигрант 
234,234,234,234,234,234,234,234,234,234,234.0,234.0,0.0,emigrant,Romanian,emigrant 
235,235,235,235,235,235,235,235,235,235,235.0,235.0,0.0,emigrant,Burmese,ရွှေ့ပြောင်းသူ 
236,236,236,236,236,236,236,236,236,236,236.0,236.0,0.0,emigrant,Nepali,आप्रवासी 
237,237,237,237,237,237,237,237,237,237,237.0,237.0,0.0,emigrant,Hausa,mai ƙaura 
238,238,238,238,238,238,238,238,238,238,238.0,238.0,0.0,emigrant,Igbo,onye njem 
239,239,239,239,239,239,239,239,239,239,239.0,239.0,0.0,emigrant,Filipino,emigrante 
240,240,240,240,240,240,240,240,240,240,240.0,240.0,0.0,emigrant,Cebuano,milalin 
241,241,241,241,241,241,241,241,241,241,241.0,241.0,0.0,emigrant,Afrikaans,emigrant 
242,242,242,242,242,242,242,242,242,242,242.0,242.0,0.0,emigrant,Tajiki,муҳоҷир 
243,243,243,243,243,243,243,243,243,243,243.0,243.0,0.0,emigrant,Uzbek,muhojir 
244,244,244,244,244,244,244,244,244,244,244.0,244.0,0.0,emigrant,Vietnamese,người di cư 
245,245,245,245,245,245,245,245,245,245,245.0,245.0,0.0,emigrant,Armenian,արտագաղթող 
246,246,246,246,246,246,246,246,246,246,246.0,246.0,0.0,emigrant,Macedonian,емигрант 
247,247,247,247,247,247,247,247,247,247,247.0,247.0,0.0,emigrant,Sinhala,විගාමික 
248,248,248,248,248,248,248,248,248,248,248.0,248.0,0.0,emigrant,Tamil,குடியேறியவர் 
249,249,249,249,249,249,249,249,249,249,249.0,249.0,0.0,emigrant,Turkmen,emigrant 
250,250,250,250,250,250,250,250,250,250,250.0,250.0,0.0,emigrant,Indonesian,emigran 
251,251,251,251,251,251,251,251,251,251,251.0,251.0,0.0,emigrant,Lao,ອົບພະຍົບ 
252,252,252,252,252,252,252,252,252,252,252.0,252.0,0.0,legalization,Persian,قانونی شدن 
253,253,253,253,253,253,253,253,253,253,253.0,253.0,0.0,legalization,Pashto,قانوني کول 
254,254,254,254,254,254,254,254,254,254,254.0,254.0,0.0,legalization,English,legalization 
255,255,255,255,255,255,255,255,255,255,255.0,255.0,0.0,legalization,Arabic,التشريع 
256,256,256,256,256,256,256,256,256,256,256.0,256.0,0.0,legalization,Belarusian,легалізацыя 
257,257,257,257,257,257,257,257,257,257,257.0,257.0,0.0,legalization,Kurdish,legalîze kirin 
258,258,258,258,258,258,258,258,258,258,258.0,258.0,0.0,legalization,French,légalisation 
259,259,259,259,259,259,259,259,259,259,259.0,259.0,0.0,legalization,Urdu,قانونی حیثیت 
260,260,260,260,260,260,260,260,260,260,260.0,260.0,0.0,legalization,Russian,легализация 
261,261,261,261,261,261,261,261,261,261,261.0,261.0,0.0,legalization,Somali,sharciyeyn 
262,262,262,262,262,262,262,262,262,262,262.0,262.0,0.0,legalization,Turkish,yasallaştırma 
263,263,263,263,263,263,263,263,263,263,263.0,263.0,0.0,legalization,Ukrainian,легалізація 
264,264,264,264,264,264,264,264,264,264,264.0,264.0,0.0,legalization,Albanian,legalizimi 
265,265,265,265,265,265,265,265,265,265,265.0,265.0,0.0,legalization,Portuguese,legalização 
266,266,266,266,266,266,266,266,266,266,266.0,266.0,0.0,legalization,Azerbaijani,leqallaşdırma 
267,267,267,267,267,267,267,267,267,267,267.0,267.0,0.0,legalization,Bengali,বৈধকরণ 
268,268,268,268,268,268,268,268,268,268,268.0,268.0,0.0,legalization,Mandarin,合法化 
269,269,269,269,269,269,269,269,269,269,269.0,269.0,0.0,legalization,Spanish,legalización 
270,270,270,270,270,270,270,270,270,270,270.0,270.0,0.0,legalization,Amharic,ሕጋዊ ማድረግ 
271,271,271,271,271,271,271,271,271,271,271.0,271.0,0.0,legalization,Georgian,ლეგალიზაცია 
272,272,272,272,272,272,272,272,272,272,272.0,272.0,0.0,legalization,Kazakh,заңдастыру 
273,273,273,273,273,273,273,273,273,273,273.0,273.0,0.0,legalization,Swahili,kuhalalisha 
274,274,274,274,274,274,274,274,274,274,274.0,274.0,0.0,legalization,Croatian,legalizacija 
275,275,275,275,275,275,275,275,275,275,275.0,275.0,0.0,legalization,Kyrgyz,легалдаштыруу 
276,276,276,276,276,276,276,276,276,276,276.0,276.0,0.0,legalization,Romanian,legalizare 
277,277,277,277,277,277,277,277,277,277,277.0,277.0,0.0,legalization,Burmese,တရားဝင် 
278,278,278,278,278,278,278,278,278,278,278.0,278.0,0.0,legalization,Nepali,वैधानिकता 
279,279,279,279,279,279,279,279,279,279,279.0,279.0,0.0,legalization,Hausa,halattawa 
280,280,280,280,280,280,280,280,280,280,280.0,280.0,0.0,legalization,Igbo,nkwado iwu 
281,281,281,281,281,281,281,281,281,281,281.0,281.0,0.0,legalization,Filipino,legalisasyon 
282,282,282,282,282,282,282,282,282,282,282.0,282.0,0.0,legalization,Cebuano,paghimong legal 
283,283,283,283,283,283,283,283,283,283,283.0,283.0,0.0,legalization,Afrikaans,wettiging 
284,284,284,284,284,284,284,284,284,284,284.0,284.0,0.0,legalization,Tajiki,қонунигардонӣ 
285,285,285,285,285,285,285,285,285,285,285.0,285.0,0.0,legalization,Uzbek,qonuniylashtirish 
286,286,286,286,286,286,286,286,286,286,286.0,286.0,0.0,legalization,Vietnamese,hợp pháp hóa 
287,287,287,287,287,287,287,287,287,287,287.0,287.0,0.0,legalization,Armenian,օրինականացում 
288,288,288,288,288,288,288,288,288,288,288.0,288.0,0.0,legalization,Macedonian,легализација 
289,289,289,289,289,289,289,289,289,289,289.0,289.0,0.0,legalization,Sinhala,නීතිගත කිරීම 
290,290,290,290,290,290,290,290,290,290,290.0,290.0,0.0,legalization,Tamil,சட்டப்பூர்வமாக்கல் 
291,291,291,291,291,291,291,291,291,291,291.0,291.0,0.0,legalization,Turkmen,kanunlaşdyrmak 
292,292,292,292,292,292,292,292,292,292,292.0,292.0,0.0,legalization,Indonesian,legalisasi 
293,293,293,293,293,293,293,293,293,293,293.0,293.0,0.0,legalization,Lao,ນິຕິ ກຳ 
294,294,294,294,294,294,294,294,294,294,294.0,294.0,0.0,immigration,Persian,مهاجرت 
295,295,295,295,295,295,295,295,295,295,295.0,295.0,0.0,immigration,Pashto,امیګریشن 
296,296,296,296,296,296,296,296,296,296,296.0,296.0,0.0,immigration,English,immigration 
297,297,297,297,297,297,297,297,297,297,297.0,297.0,0.0,immigration,Arabic,الهجرة 
298,298,298,298,298,298,298,298,298,298,298.0,298.0,0.0,immigration,Belarusian,іміграцыя 
299,299,299,299,299,299,299,299,299,299,299.0,299.0,0.0,immigration,Kurdish,macirî 
300,300,300,300,300,300,300,300,300,300,300.0,300.0,0.0,immigration,French,immigration 
301,301,301,301,301,301,301,301,301,301,301.0,301.0,0.0,immigration,Urdu,امیگریشن 
302,302,302,302,302,302,302,302,302,302,302.0,302.0,0.0,immigration,Russian,иммиграция 
303,303,303,303,303,303,303,303,303,303,303.0,303.0,0.0,immigration,Somali,socdaalka 
304,304,304,304,304,304,304,304,304,304,304.0,304.0,0.0,immigration,Turkish,göçmenlik 
305,305,305,305,305,305,305,305,305,305,305.0,305.0,0.0,immigration,Ukrainian,імміграція 
306,306,306,306,306,306,306,306,306,306,306.0,306.0,0.0,immigration,Albanian,imigracioni 
307,307,307,307,307,307,307,307,307,307,307.0,307.0,0.0,immigration,Portuguese,imigração 
308,308,308,308,308,308,308,308,308,308,308.0,308.0,0.0,immigration,Azerbaijani,immiqrasiya 
309,309,309,309,309,309,309,309,309,309,309.0,309.0,0.0,immigration,Bengali,অভিবাসন 
310,310,310,310,310,310,310,310,310,310,310.0,310.0,0.0,immigration,Mandarin,移民 
311,311,311,311,311,311,311,311,311,311,311.0,311.0,0.0,immigration,Spanish,inmigración 
312,312,312,312,312,312,312,312,312,312,312.0,312.0,0.0,immigration,Amharic,ኢሚግሬሽን 
313,313,313,313,313,313,313,313,313,313,313.0,313.0,0.0,immigration,Georgian,საიმიგრაციო 
314,314,314,314,314,314,314,314,314,314,314.0,314.0,0.0,immigration,Kazakh,иммиграция 
315,315,315,315,315,315,315,315,315,315,315.0,315.0,0.0,immigration,Swahili,uhamiaji 
316,316,316,316,316,316,316,316,316,316,316.0,316.0,0.0,immigration,Croatian,imigracija 
317,317,317,317,317,317,317,317,317,317,317.0,317.0,0.0,immigration,Kyrgyz,иммиграция 
318,318,318,318,318,318,318,318,318,318,318.0,318.0,0.0,immigration,Romanian,imigrare 
319,319,319,319,319,319,319,319,319,319,319.0,319.0,0.0,immigration,Burmese,လူဝင်မှုကြီးကြပ်ရေး 
320,320,320,320,320,320,320,320,320,320,320.0,320.0,0.0,immigration,Nepali,अध्यागमन 
321,321,321,321,321,321,321,321,321,321,321.0,321.0,0.0,immigration,Hausa,shige da fice 
322,322,322,322,322,322,322,322,322,322,322.0,322.0,0.0,immigration,Igbo,mbata na ọpụpụ 
323,323,323,323,323,323,323,323,323,323,323.0,323.0,0.0,immigration,Filipino,imigrasyon 
324,324,324,324,324,324,324,324,324,324,324.0,324.0,0.0,immigration,Cebuano,paglalin 
325,325,325,325,325,325,325,325,325,325,325.0,325.0,0.0,immigration,Afrikaans,immigrasie 
326,326,326,326,326,326,326,326,326,326,326.0,326.0,0.0,immigration,Tajiki,муҳоҷират 
327,327,327,327,327,327,327,327,327,327,327.0,327.0,0.0,immigration,Uzbek,immigratsiya 
328,328,328,328,328,328,328,328,328,328,328.0,328.0,0.0,immigration,Vietnamese,nhập cư 
329,329,329,329,329,329,329,329,329,329,329.0,329.0,0.0,immigration,Armenian,ներգաղթ 
330,330,330,330,330,330,330,330,330,330,330.0,330.0,0.0,immigration,Macedonian,имиграција 
331,331,331,331,331,331,331,331,331,331,331.0,331.0,0.0,immigration,Sinhala,ආගමන 
332,332,332,332,332,332,332,332,332,332,332.0,332.0,0.0,immigration,Tamil,குடியேற்றம் 
333,333,333,333,333,333,333,333,333,333,333.0,333.0,0.0,immigration,Turkmen,immigrasiýa 
334,334,334,334,334,334,334,334,334,334,334.0,334.0,0.0,immigration,Indonesian,imigrasi 
335,335,335,335,335,335,335,335,335,335,335.0,335.0,0.0,immigration,Lao,ການ​ອົບ​ພະ​ຍົບ 
336,336,336,336,336,336,336,336,336,336,336.0,336.0,0.0,waiver,Persian,چشم پوشی 
337,337,337,337,337,337,337,337,337,337,337.0,337.0,0.0,waiver,Pashto,بخښنه 
338,338,338,338,338,338,338,338,338,338,338.0,338.0,0.0,waiver,English,waiver 
339,339,339,339,339,339,339,339,339,339,339.0,339.0,0.0,waiver,Arabic,تنازل 
340,340,340,340,340,340,340,340,340,340,340.0,340.0,0.0,waiver,Belarusian,адмова 
341,341,341,341,341,341,341,341,341,341,341.0,341.0,0.0,waiver,Kurdish,devjêberdan 
342,342,342,342,342,342,342,342,342,342,342.0,342.0,0.0,waiver,French,renonciation 
343,343,343,343,343,343,343,343,343,343,343.0,343.0,0.0,waiver,Urdu,دست کشی 
344,344,344,344,344,344,344,344,344,344,344.0,344.0,0.0,waiver,Russian,отказ 
345,345,345,345,345,345,345,345,345,345,345.0,345.0,0.0,waiver,Somali,tanaasulid 
346,346,346,346,346,346,346,346,346,346,346.0,346.0,0.0,waiver,Turkish,feragat 
347,347,347,347,347,347,347,347,347,347,347.0,347.0,0.0,waiver,Ukrainian,відмова 
348,348,348,348,348,348,348,348,348,348,348.0,348.0,0.0,waiver,Albanian,heqja dorë 
349,349,349,349,349,349,349,349,349,349,349.0,349.0,0.0,waiver,Portuguese,renúncia 
350,350,350,350,350,350,350,350,350,350,350.0,350.0,0.0,waiver,Azerbaijani,imtina 
351,351,351,351,351,351,351,351,351,351,351.0,351.0,0.0,waiver,Bengali,অধিকার পরিত্যাগের ঘোষণা 
352,352,352,352,352,352,352,352,352,352,352.0,352.0,0.0,waiver,Mandarin,放弃 
353,353,353,353,353,353,353,353,353,353,353.0,353.0,0.0,waiver,Spanish,renuncia 
354,354,354,354,354,354,354,354,354,354,354.0,354.0,0.0,waiver,Amharic,ማስቀረት 
355,355,355,355,355,355,355,355,355,355,355.0,355.0,0.0,waiver,Georgian,უარის თქმა 
356,356,356,356,356,356,356,356,356,356,356.0,356.0,0.0,waiver,Kazakh,бас тарту 
357,357,357,357,357,357,357,357,357,357,357.0,357.0,0.0,waiver,Swahili,msamaha 
358,358,358,358,358,358,358,358,358,358,358.0,358.0,0.0,waiver,Croatian,odricanje 
359,359,359,359,359,359,359,359,359,359,359.0,359.0,0.0,waiver,Kyrgyz,баш тартуу 
360,360,360,360,360,360,360,360,360,360,360.0,360.0,0.0,waiver,Romanian,renunțare 
361,361,361,361,361,361,361,361,361,361,361.0,361.0,0.0,waiver,Burmese,စွန့်လွှတ် 
362,362,362,362,362,362,362,362,362,362,362.0,362.0,0.0,waiver,Nepali,छूट 
363,363,363,363,363,363,363,363,363,363,363.0,363.0,0.0,waiver,Hausa,yafewa 
364,364,364,364,364,364,364,364,364,364,364.0,364.0,0.0,waiver,Igbo,waiver 
365,365,365,365,365,365,365,365,365,365,365.0,365.0,0.0,waiver,Filipino,pagtawad 
366,366,366,366,366,366,366,366,366,366,366.0,366.0,0.0,waiver,Cebuano,pagtalikod 
367,367,367,367,367,367,367,367,367,367,367.0,367.0,0.0,waiver,Afrikaans,kwytskelding 
368,368,368,368,368,368,368,368,368,368,368.0,368.0,0.0,waiver,Tajiki,даст кашидан 
369,369,369,369,369,369,369,369,369,369,369.0,369.0,0.0,waiver,Uzbek,voz kechish 
370,370,370,370,370,370,370,370,370,370,370.0,370.0,0.0,waiver,Vietnamese,từ bỏ 
371,371,371,371,371,371,371,371,371,371,371.0,371.0,0.0,waiver,Armenian,հրաժարվելը 
372,372,372,372,372,372,372,372,372,372,372.0,372.0,0.0,waiver,Macedonian,откажување 
373,373,373,373,373,373,373,373,373,373,373.0,373.0,0.0,waiver,Sinhala,අත්හැරීම 
374,374,374,374,374,374,374,374,374,374,374.0,374.0,0.0,waiver,Tamil,தள்ளுபடி 
375,375,375,375,375,375,375,375,375,375,375.0,375.0,0.0,waiver,Turkmen,boýun gaçyrmak 
376,376,376,376,376,376,376,376,376,376,376.0,376.0,0.0,waiver,Indonesian,pengabaian 
377,377,377,377,377,377,377,377,377,377,377.0,377.0,0.0,waiver,Lao,ການຍົກເວັ້ນ 
378,378,378,378,378,378,378,378,378,378,378.0,378.0,0.0,immigrate,Persian,مهاجرت کردن 
379,379,379,379,379,379,379,379,379,379,379.0,379.0,0.0,immigrate,Pashto,مهاجر 
380,380,380,380,380,380,380,380,380,380,380.0,380.0,0.0,immigrate,English,immigrate 
381,381,381,381,381,381,381,381,381,381,381.0,381.0,0.0,immigrate,Arabic,هاجر 
382,382,382,382,382,382,382,382,382,382,382.0,382.0,0.0,immigrate,Belarusian,іміграваць 
383,383,383,383,383,383,383,383,383,383,383.0,383.0,0.0,immigrate,Kurdish,koçber kirin 
384,384,384,384,384,384,384,384,384,384,384.0,384.0,0.0,immigrate,French,immigrer 
385,385,385,385,385,385,385,385,385,385,385.0,385.0,0.0,immigrate,Urdu,تارکین وطن 
386,386,386,386,386,386,386,386,386,386,386.0,386.0,0.0,immigrate,Russian,иммигрировать 
387,387,387,387,387,387,387,387,387,387,387.0,387.0,0.0,immigrate,Somali,soo haajirid 
388,388,388,388,388,388,388,388,388,388,388.0,388.0,0.0,immigrate,Turkish,göç etmek 
389,389,389,389,389,389,389,389,389,389,389.0,389.0,0.0,immigrate,Ukrainian,іммігрувати 
390,390,390,390,390,390,390,390,390,390,390.0,390.0,0.0,immigrate,Albanian,imigroj 
391,391,391,391,391,391,391,391,391,391,391.0,391.0,0.0,immigrate,Portuguese,imigrar 
392,392,392,392,392,392,392,392,392,392,392.0,392.0,0.0,immigrate,Azerbaijani,köçmək 
393,393,393,393,393,393,393,393,393,393,393.0,393.0,0.0,immigrate,Bengali,অভিবাসন 
394,394,394,394,394,394,394,394,394,394,394.0,394.0,0.0,immigrate,Mandarin,移民 
395,395,395,395,395,395,395,395,395,395,395.0,395.0,0.0,immigrate,Spanish,inmigrar 
396,396,396,396,396,396,396,396,396,396,396.0,396.0,0.0,immigrate,Amharic,መሰደድ 
397,397,397,397,397,397,397,397,397,397,397.0,397.0,0.0,immigrate,Georgian,ემიგრაცია 
398,398,398,398,398,398,398,398,398,398,398.0,398.0,0.0,immigrate,Kazakh,көшіп келу 
399,399,399,399,399,399,399,399,399,399,399.0,399.0,0.0,immigrate,Swahili,kuhamia 
400,400,400,400,400,400,400,400,400,400,400.0,400.0,0.0,immigrate,Croatian,useliti 
401,401,401,401,401,401,401,401,401,401,401.0,401.0,0.0,immigrate,Kyrgyz,иммиграция 
402,402,402,402,402,402,402,402,402,402,402.0,402.0,0.0,immigrate,Romanian,imigrează 
403,403,403,403,403,403,403,403,403,403,403.0,403.0,0.0,immigrate,Burmese,လူဝင်မှုကြီးကြပ်ရေး 
404,404,404,404,404,404,404,404,404,404,404.0,404.0,0.0,immigrate,Nepali,आप्रवासी 
405,405,405,405,405,405,405,405,405,405,405.0,405.0,0.0,immigrate,Hausa,ƙaura 
406,406,406,406,406,406,406,406,406,406,406.0,406.0,0.0,immigrate,Igbo,kwaga 
407,407,407,407,407,407,407,407,407,407,407.0,407.0,0.0,immigrate,Filipino,dumayo 
408,408,408,408,408,408,408,408,408,408,408.0,408.0,0.0,immigrate,Cebuano,molalin 
409,409,409,409,409,409,409,409,409,409,409.0,409.0,0.0,immigrate,Afrikaans,immigreer 
410,410,410,410,410,410,410,410,410,410,410.0,410.0,0.0,immigrate,Tajiki,муҳоҷират кардан 
411,411,411,411,411,411,411,411,411,411,411.0,411.0,0.0,immigrate,Uzbek,immigratsiya 
412,412,412,412,412,412,412,412,412,412,412.0,412.0,0.0,immigrate,Vietnamese,nhập cư 
413,413,413,413,413,413,413,413,413,413,413.0,413.0,0.0,immigrate,Armenian,ներգաղթել 
414,414,414,414,414,414,414,414,414,414,414.0,414.0,0.0,immigrate,Macedonian,имигрираат 
415,415,415,415,415,415,415,415,415,415,415.0,415.0,0.0,immigrate,Sinhala,සංක්‍රමණය වන්න 
416,416,416,416,416,416,416,416,416,416,416.0,416.0,0.0,immigrate,Tamil,குடியேறவும் 
417,417,417,417,417,417,417,417,417,417,417.0,417.0,0.0,immigrate,Turkmen,immigrasiýa 
418,418,418,418,418,418,418,418,418,418,418.0,418.0,0.0,immigrate,Indonesian,pindah 
419,419,419,419,419,419,419,419,419,419,419.0,419.0,0.0,immigrate,Lao,ອົບພະຍົບ 
420,420,420,420,420,420,420,420,420,420,420.0,420.0,0.0,emigrate,Persian,مهاجرت کردن 
421,421,421,421,421,421,421,421,421,421,421.0,421.0,0.0,emigrate,Pashto,هجرت 
422,422,422,422,422,422,422,422,422,422,422.0,422.0,0.0,emigrate,English,emigrate 
423,423,423,423,423,423,423,423,423,423,423.0,423.0,0.0,emigrate,Arabic,يهاجر 
424,424,424,424,424,424,424,424,424,424,424.0,424.0,0.0,emigrate,Belarusian,эміграваць 
425,425,425,425,425,425,425,425,425,425,425.0,425.0,0.0,emigrate,Kurdish,welatberdan 
426,426,426,426,426,426,426,426,426,426,426.0,426.0,0.0,emigrate,French,émigrer 
427,427,427,427,427,427,427,427,427,427,427.0,427.0,0.0,emigrate,Urdu,ہجرت کرنا 
428,428,428,428,428,428,428,428,428,428,428.0,428.0,0.0,emigrate,Russian,эмигрировать 
429,429,429,429,429,429,429,429,429,429,429.0,429.0,0.0,emigrate,Somali,haajirid 
430,430,430,430,430,430,430,430,430,430,430.0,430.0,0.0,emigrate,Turkish,göç etmek 
431,431,431,431,431,431,431,431,431,431,431.0,431.0,0.0,emigrate,Ukrainian,емігрувати 
432,432,432,432,432,432,432,432,432,432,432.0,432.0,0.0,emigrate,Albanian,emigroj 
433,433,433,433,433,433,433,433,433,433,433.0,433.0,0.0,emigrate,Portuguese,emigrar 
434,434,434,434,434,434,434,434,434,434,434.0,434.0,0.0,emigrate,Azerbaijani,mühacirət etmək 
435,435,435,435,435,435,435,435,435,435,435.0,435.0,0.0,emigrate,Bengali,হিজরত 
436,436,436,436,436,436,436,436,436,436,436.0,436.0,0.0,emigrate,Mandarin,移民 
437,437,437,437,437,437,437,437,437,437,437.0,437.0,0.0,emigrate,Spanish,emigrar 
438,438,438,438,438,438,438,438,438,438,438.0,438.0,0.0,emigrate,Amharic,መሰደድ 
439,439,439,439,439,439,439,439,439,439,439.0,439.0,0.0,emigrate,Georgian,ემიგრაცია 
440,440,440,440,440,440,440,440,440,440,440.0,440.0,0.0,emigrate,Kazakh,қоныс аудару 
441,441,441,441,441,441,441,441,441,441,441.0,441.0,0.0,emigrate,Swahili,kuhamia 
442,442,442,442,442,442,442,442,442,442,442.0,442.0,0.0,emigrate,Croatian,emigrirati 
443,443,443,443,443,443,443,443,443,443,443.0,443.0,0.0,emigrate,Kyrgyz,эмиграция 
444,444,444,444,444,444,444,444,444,444,444.0,444.0,0.0,emigrate,Romanian,emigra 
445,445,445,445,445,445,445,445,445,445,445.0,445.0,0.0,emigrate,Burmese,ထွက်ခွာသွားသည် 
446,446,446,446,446,446,446,446,446,446,446.0,446.0,0.0,emigrate,Nepali,बसाई 
447,447,447,447,447,447,447,447,447,447,447.0,447.0,0.0,emigrate,Hausa,ƙaura 
448,448,448,448,448,448,448,448,448,448,448.0,448.0,0.0,emigrate,Igbo,iga njem 
449,449,449,449,449,449,449,449,449,449,449.0,449.0,0.0,emigrate,Filipino,mangibang bayan 
450,450,450,450,450,450,450,450,450,450,450.0,450.0,0.0,emigrate,Cebuano,paglalin 
451,451,451,451,451,451,451,451,451,451,451.0,451.0,0.0,emigrate,Afrikaans,emigreer 
452,452,452,452,452,452,452,452,452,452,452.0,452.0,0.0,emigrate,Tajiki,муҳоҷират кардан 
453,453,453,453,453,453,453,453,453,453,453.0,453.0,0.0,emigrate,Uzbek,hijrat qilish 
454,454,454,454,454,454,454,454,454,454,454.0,454.0,0.0,emigrate,Vietnamese,di cư 
455,455,455,455,455,455,455,455,455,455,455.0,455.0,0.0,emigrate,Armenian,արտագաղթել 
456,456,456,456,456,456,456,456,456,456,456.0,456.0,0.0,emigrate,Macedonian,емигрираат 
457,457,457,457,457,457,457,457,457,457,457.0,457.0,0.0,emigrate,Sinhala,සංක්‍රමණය වන්න 
458,458,458,458,458,458,458,458,458,458,458.0,458.0,0.0,emigrate,Tamil,குடியேறவும் 
459,459,459,459,459,459,459,459,459,459,459.0,459.0,0.0,emigrate,Turkmen,göç 
460,460,460,460,460,460,460,460,460,460,460.0,460.0,0.0,emigrate,Indonesian,beremigrasi 
461,461,461,461,461,461,461,461,461,461,461.0,461.0,0.0,emigrate,Lao,ອົບພະຍົບ 
462,462,462,462,462,462,462,462,462,462,462.0,462.0,0.0,migrate,Persian,کوچ کردن 
463,463,463,463,463,463,463,463,463,463,463.0,463.0,0.0,migrate,Pashto,مهاجرت 
464,464,464,464,464,464,464,464,464,464,464.0,464.0,0.0,migrate,English,migrate 
465,465,465,465,465,465,465,465,465,465,465.0,465.0,0.0,migrate,Arabic,يهاجر 
466,466,466,466,466,466,466,466,466,466,466.0,466.0,0.0,migrate,Belarusian,міграваць 
467,467,467,467,467,467,467,467,467,467,467.0,467.0,0.0,migrate,Kurdish,veqetîn 
468,468,468,468,468,468,468,468,468,468,468.0,468.0,0.0,migrate,French,émigrer 
469,469,469,469,469,469,469,469,469,469,469.0,469.0,0.0,migrate,Urdu,ہجرت کرنا 
470,470,470,470,470,470,470,470,470,470,470.0,470.0,0.0,migrate,Russian,мигрировать 
471,471,471,471,471,471,471,471,471,471,471.0,471.0,0.0,migrate,Somali,haajirid 
472,472,472,472,472,472,472,472,472,472,472.0,472.0,0.0,migrate,Turkish,göç 
473,473,473,473,473,473,473,473,473,473,473.0,473.0,0.0,migrate,Ukrainian,мігрувати 
474,474,474,474,474,474,474,474,474,474,474.0,474.0,0.0,migrate,Albanian,migroj 
475,475,475,475,475,475,475,475,475,475,475.0,475.0,0.0,migrate,Portuguese,migrar 
476,476,476,476,476,476,476,476,476,476,476.0,476.0,0.0,migrate,Azerbaijani,köç 
477,477,477,477,477,477,477,477,477,477,477.0,477.0,0.0,migrate,Bengali,মাইগ্রেট 
478,478,478,478,478,478,478,478,478,478,478.0,478.0,0.0,migrate,Mandarin,迁移 
479,479,479,479,479,479,479,479,479,479,479.0,479.0,0.0,migrate,Spanish,emigrar 
480,480,480,480,480,480,480,480,480,480,480.0,480.0,0.0,migrate,Amharic,ፍልሰት 
481,481,481,481,481,481,481,481,481,481,481.0,481.0,0.0,migrate,Georgian,მიგრაცია 
482,482,482,482,482,482,482,482,482,482,482.0,482.0,0.0,migrate,Kazakh,қоныс аудару 
483,483,483,483,483,483,483,483,483,483,483.0,483.0,0.0,migrate,Swahili,kuhamia 
484,484,484,484,484,484,484,484,484,484,484.0,484.0,0.0,migrate,Croatian,migrirati 
485,485,485,485,485,485,485,485,485,485,485.0,485.0,0.0,migrate,Kyrgyz,көчүү 
486,486,486,486,486,486,486,486,486,486,486.0,486.0,0.0,migrate,Romanian,migra 
487,487,487,487,487,487,487,487,487,487,487.0,487.0,0.0,migrate,Burmese,ရွှေ့ပြောင်း 
488,488,488,488,488,488,488,488,488,488,488.0,488.0,0.0,migrate,Nepali,स्थानान्तरण 
489,489,489,489,489,489,489,489,489,489,489.0,489.0,0.0,migrate,Hausa,yi ƙaura 
490,490,490,490,490,490,490,490,490,490,490.0,490.0,0.0,migrate,Igbo,ikwaghari 
491,491,491,491,491,491,491,491,491,491,491.0,491.0,0.0,migrate,Filipino,lumipat 
492,492,492,492,492,492,492,492,492,492,492.0,492.0,0.0,migrate,Cebuano,paglalin 
493,493,493,493,493,493,493,493,493,493,493.0,493.0,0.0,migrate,Afrikaans,migreer 
494,494,494,494,494,494,494,494,494,494,494.0,494.0,0.0,migrate,Tajiki,муҳоҷират кунед 
495,495,495,495,495,495,495,495,495,495,495.0,495.0,0.0,migrate,Uzbek,ko'chib o'tish 
496,496,496,496,496,496,496,496,496,496,496.0,496.0,0.0,migrate,Vietnamese,di cư 
497,497,497,497,497,497,497,497,497,497,497.0,497.0,0.0,migrate,Armenian,գաղթել 
498,498,498,498,498,498,498,498,498,498,498.0,498.0,0.0,migrate,Macedonian,мигрираат 
499,499,499,499,499,499,499,499,499,499,499.0,499.0,0.0,migrate,Sinhala,සංක්‍රමණය වන්න 
500,500,500,500,500,500,500,500,500,500,500.0,500.0,0.0,migrate,Tamil,இடம்பெயர்க 
501,501,501,501,501,501,501,501,501,501,501.0,501.0,0.0,migrate,Turkmen,göç 
502,502,502,502,502,502,502,502,502,502,502.0,502.0,0.0,migrate,Indonesian,migrasi 
503,503,503,503,503,503,503,503,503,503,503.0,503.0,0.0,migrate,Lao,ອົບພະຍົບ 
504,504,504,504,504,504,504,504,504,504,504.0,504.0,0.0,migration,Persian,مهاجرت 
505,505,505,505,505,505,505,505,505,505,505.0,505.0,0.0,migration,Pashto,مهاجرت 
506,506,506,506,506,506,506,506,506,506,506.0,506.0,0.0,migration,English,migration 
507,507,507,507,507,507,507,507,507,507,507.0,507.0,0.0,migration,Arabic,الهجرة 
508,508,508,508,508,508,508,508,508,508,508.0,508.0,0.0,migration,Belarusian,міграцыя 
509,509,509,509,509,509,509,509,509,509,509.0,509.0,0.0,migration,Kurdish,koçberî 
510,510,510,510,510,510,510,510,510,510,510.0,510.0,0.0,migration,French,migration 
511,511,511,511,511,511,511,511,511,511,511.0,511.0,0.0,migration,Urdu,ہجرت 
512,512,512,512,512,512,512,512,512,512,512.0,512.0,0.0,migration,Russian,миграция 
513,513,513,513,513,513,513,513,513,513,513.0,513.0,0.0,migration,Somali,tahriib 
514,514,514,514,514,514,514,514,514,514,514.0,514.0,0.0,migration,Turkish,göç 
515,515,515,515,515,515,515,515,515,515,515.0,515.0,0.0,migration,Ukrainian,міграція 
516,516,516,516,516,516,516,516,516,516,516.0,516.0,0.0,migration,Albanian,migrimi 
517,517,517,517,517,517,517,517,517,517,517.0,517.0,0.0,migration,Portuguese,migração 
518,518,518,518,518,518,518,518,518,518,518.0,518.0,0.0,migration,Azerbaijani,köç 
519,519,519,519,519,519,519,519,519,519,519.0,519.0,0.0,migration,Bengali,মাইগ্রেশন 
520,520,520,520,520,520,520,520,520,520,520.0,520.0,0.0,migration,Mandarin,移民 
521,521,521,521,521,521,521,521,521,521,521.0,521.0,0.0,migration,Spanish,migración 
522,522,522,522,522,522,522,522,522,522,522.0,522.0,0.0,migration,Amharic,ፍልሰት 
523,523,523,523,523,523,523,523,523,523,523.0,523.0,0.0,migration,Georgian,მიგრაცია 
524,524,524,524,524,524,524,524,524,524,524.0,524.0,0.0,migration,Kazakh,көші-қон 
525,525,525,525,525,525,525,525,525,525,525.0,525.0,0.0,migration,Swahili,uhamiaji 
526,526,526,526,526,526,526,526,526,526,526.0,526.0,0.0,migration,Croatian,migracija 
527,527,527,527,527,527,527,527,527,527,527.0,527.0,0.0,migration,Kyrgyz,миграция 
528,528,528,528,528,528,528,528,528,528,528.0,528.0,0.0,migration,Romanian,migrație 
529,529,529,529,529,529,529,529,529,529,529.0,529.0,0.0,migration,Burmese,ရွှေ့ပြောင်းနေထိုင်မှု 
530,530,530,530,530,530,530,530,530,530,530.0,530.0,0.0,migration,Nepali,माइग्रेसन 
531,531,531,531,531,531,531,531,531,531,531.0,531.0,0.0,migration,Hausa,hijira 
532,532,532,532,532,532,532,532,532,532,532.0,532.0,0.0,migration,Igbo,Mbughari 
533,533,533,533,533,533,533,533,533,533,533.0,533.0,0.0,migration,Filipino,paglipat 
534,534,534,534,534,534,534,534,534,534,534.0,534.0,0.0,migration,Cebuano,paglalin 
535,535,535,535,535,535,535,535,535,535,535.0,535.0,0.0,migration,Afrikaans,migrasie 
536,536,536,536,536,536,536,536,536,536,536.0,536.0,0.0,migration,Tajiki,муҳоҷират 
537,537,537,537,537,537,537,537,537,537,537.0,537.0,0.0,migration,Uzbek,migratsiya 
538,538,538,538,538,538,538,538,538,538,538.0,538.0,0.0,migration,Vietnamese,di cư 
539,539,539,539,539,539,539,539,539,539,539.0,539.0,0.0,migration,Armenian,միգրացիա 
540,540,540,540,540,540,540,540,540,540,540.0,540.0,0.0,migration,Macedonian,миграција 
541,541,541,541,541,541,541,541,541,541,541.0,541.0,0.0,migration,Sinhala,සංක්‍රමණය 
542,542,542,542,542,542,542,542,542,542,542.0,542.0,0.0,migration,Tamil,இடம்பெயர்வு 
543,543,543,543,543,543,543,543,543,543,543.0,543.0,0.0,migration,Turkmen,migrasiýa 
544,544,544,544,544,544,544,544,544,544,544.0,544.0,0.0,migration,Indonesian,migrasi 
545,545,545,545,545,545,545,545,545,545,545.0,545.0,0.0,migration,Lao,ການເຄື່ອນຍ້າຍແຮງງານ 
546,546,546,546,546,546,546,546,546,546,546.0,546.0,0.0,emigration,Persian,مهاجرت 
547,547,547,547,547,547,547,547,547,547,547.0,547.0,0.0,emigration,Pashto,هجرت 
548,548,548,548,548,548,548,548,548,548,548.0,548.0,0.0,emigration,English,emigration 
549,549,549,549,549,549,549,549,549,549,549.0,549.0,0.0,emigration,Arabic,هجرة 
550,550,550,550,550,550,550,550,550,550,550.0,550.0,0.0,emigration,Belarusian,эміграцыя 
551,551,551,551,551,551,551,551,551,551,551.0,551.0,0.0,emigration,Kurdish,welatberdanî 
552,552,552,552,552,552,552,552,552,552,552.0,552.0,0.0,emigration,French,émigration 
553,553,553,553,553,553,553,553,553,553,553.0,553.0,0.0,emigration,Urdu,ہجرت 
554,554,554,554,554,554,554,554,554,554,554.0,554.0,0.0,emigration,Russian,эмиграция 
555,555,555,555,555,555,555,555,555,555,555.0,555.0,0.0,emigration,Somali,haajirid 
556,556,556,556,556,556,556,556,556,556,556.0,556.0,0.0,emigration,Turkish,göç 
557,557,557,557,557,557,557,557,557,557,557.0,557.0,0.0,emigration,Ukrainian,еміграція 
558,558,558,558,558,558,558,558,558,558,558.0,558.0,0.0,emigration,Albanian,emigrimi 
559,559,559,559,559,559,559,559,559,559,559.0,559.0,0.0,emigration,Portuguese,emigração 
560,560,560,560,560,560,560,560,560,560,560.0,560.0,0.0,emigration,Azerbaijani,mühacirət 
561,561,561,561,561,561,561,561,561,561,561.0,561.0,0.0,emigration,Bengali,দেশত্যাগ 
562,562,562,562,562,562,562,562,562,562,562.0,562.0,0.0,emigration,Mandarin,移民 
563,563,563,563,563,563,563,563,563,563,563.0,563.0,0.0,emigration,Spanish,emigración 
564,564,564,564,564,564,564,564,564,564,564.0,564.0,0.0,emigration,Amharic,ፍልሰት 
565,565,565,565,565,565,565,565,565,565,565.0,565.0,0.0,emigration,Georgian,ემიგრაცია 
566,566,566,566,566,566,566,566,566,566,566.0,566.0,0.0,emigration,Kazakh,эмиграция 
567,567,567,567,567,567,567,567,567,567,567.0,567.0,0.0,emigration,Swahili,uhamiaji 
568,568,568,568,568,568,568,568,568,568,568.0,568.0,0.0,emigration,Croatian,emigracija 
569,569,569,569,569,569,569,569,569,569,569.0,569.0,0.0,emigration,Kyrgyz,эмиграция 
570,570,570,570,570,570,570,570,570,570,570.0,570.0,0.0,emigration,Romanian,emigrare 
571,571,571,571,571,571,571,571,571,571,571.0,571.0,0.0,emigration,Burmese,လူဝင်မှုကြီးကြပ်ရေး 
572,572,572,572,572,572,572,572,572,572,572.0,572.0,0.0,emigration,Nepali,बसाई 
573,573,573,573,573,573,573,573,573,573,573.0,573.0,0.0,emigration,Hausa,hijira 
574,574,574,574,574,574,574,574,574,574,574.0,574.0,0.0,emigration,Igbo,njem 
575,575,575,575,575,575,575,575,575,575,575.0,575.0,0.0,emigration,Filipino,pangingibang-bansa 
576,576,576,576,576,576,576,576,576,576,576.0,576.0,0.0,emigration,Cebuano,paglangyaw 
577,577,577,577,577,577,577,577,577,577,577.0,577.0,0.0,emigration,Afrikaans,emigrasie 
578,578,578,578,578,578,578,578,578,578,578.0,578.0,0.0,emigration,Tajiki,муҳоҷират 
579,579,579,579,579,579,579,579,579,579,579.0,579.0,0.0,emigration,Uzbek,emigratsiya 
580,580,580,580,580,580,580,580,580,580,580.0,580.0,0.0,emigration,Vietnamese,di cư 
581,581,581,581,581,581,581,581,581,581,581.0,581.0,0.0,emigration,Armenian,արտագաղթ 
582,582,582,582,582,582,582,582,582,582,582.0,582.0,0.0,emigration,Macedonian,емиграција 
583,583,583,583,583,583,583,583,583,583,583.0,583.0,0.0,emigration,Sinhala,විගමන 
584,584,584,584,584,584,584,584,584,584,584.0,584.0,0.0,emigration,Tamil,குடியேற்றம் 
585,585,585,585,585,585,585,585,585,585,585.0,585.0,0.0,emigration,Turkmen,emigrasiýa 
586,586,586,586,586,586,586,586,586,586,586.0,586.0,0.0,emigration,Indonesian,emigrasi 
587,587,587,587,587,587,587,587,587,587,587.0,587.0,0.0,emigration,Lao,ອົບພະຍົບ 
588,588,588,588,588,588,588,588,588,588,588.0,588.0,0.0,required documents,Persian,مدارک مورد نیاز 
589,589,589,589,589,589,589,589,589,589,589.0,589.0,0.0,required documents,Pashto,اړین لاسوندونه 
590,590,590,590,590,590,590,590,590,590,590.0,590.0,0.0,required documents,English,required documents 
591,591,591,591,591,591,591,591,591,591,591.0,591.0,0.0,required documents,Arabic,الوتائق المطلوبة 
592,592,592,592,592,592,592,592,592,592,592.0,592.0,0.0,required documents,Belarusian,неабходныя дакументы 
593,593,593,593,593,593,593,593,593,593,593.0,593.0,0.0,required documents,Kurdish,belgeyên pêwîst 
594,594,594,594,594,594,594,594,594,594,594.0,594.0,0.0,required documents,French,documents requis 
595,595,595,595,595,595,595,595,595,595,595.0,595.0,0.0,required documents,Urdu,مطلوبہ دستاویزات 
596,596,596,596,596,596,596,596,596,596,596.0,596.0,0.0,required documents,Russian,необходимые документы 
597,597,597,597,597,597,597,597,597,597,597.0,597.0,0.0,required documents,Somali,dukumiintiyada loo baahan yahay 
598,598,598,598,598,598,598,598,598,598,598.0,598.0,0.0,required documents,Turkish,gerekli belgeler 
599,599,599,599,599,599,599,599,599,599,599.0,599.0,0.0,required documents,Ukrainian,необхідні документи 
600,600,600,600,600,600,600,600,600,600,600.0,600.0,0.0,required documents,Albanian,dokumentet e kërkuara 
601,601,601,601,601,601,601,601,601,601,601.0,601.0,0.0,required documents,Portuguese,Documentos exigidos 
602,602,602,602,602,602,602,602,602,602,602.0,602.0,0.0,required documents,Azerbaijani,tələb olunan sənədlər 
603,603,603,603,603,603,603,603,603,603,603.0,603.0,0.0,required documents,Bengali,প্রয়োজনীয় কাগজপত্র 
604,604,604,604,604,604,604,604,604,604,604.0,604.0,0.0,required documents,Mandarin,所需文件 
605,605,605,605,605,605,605,605,605,605,605.0,605.0,0.0,required documents,Spanish,documentos requeridos 
606,606,606,606,606,606,606,606,606,606,606.0,606.0,0.0,required documents,Amharic,አስፈላጊ ሰነዶች 
607,607,607,607,607,607,607,607,607,607,607.0,607.0,0.0,required documents,Georgian,საჭირო საბუთები 
608,608,608,608,608,608,608,608,608,608,608.0,608.0,0.0,required documents,Kazakh,қажетті құжаттар 
609,609,609,609,609,609,609,609,609,609,609.0,609.0,0.0,required documents,Swahili,nyaraka zinazohitajika 
610,610,610,610,610,610,610,610,610,610,610.0,610.0,0.0,required documents,Croatian,potrebni dokumenti 
611,611,611,611,611,611,611,611,611,611,611.0,611.0,0.0,required documents,Kyrgyz,талап кылынган документтер 
612,612,612,612,612,612,612,612,612,612,612.0,612.0,0.0,required documents,Romanian,documente necesare 
613,613,613,613,613,613,613,613,613,613,613.0,613.0,0.0,required documents,Burmese,လိုအပ်သောစာရွက်စာတမ်းများ 
614,614,614,614,614,614,614,614,614,614,614.0,614.0,0.0,required documents,Nepali,आवश्यक कागजातहरू 
615,615,615,615,615,615,615,615,615,615,615.0,615.0,0.0,required documents,Hausa,takaddun da ake buƙata 
616,616,616,616,616,616,616,616,616,616,616.0,616.0,0.0,required documents,Igbo,chọrọ akwụkwọ 
617,617,617,617,617,617,617,617,617,617,617.0,617.0,0.0,required documents,Filipino,kinakailangang mga dokumento 
618,618,618,618,618,618,618,618,618,618,618.0,618.0,0.0,required documents,Cebuano,kinahanglan nga mga dokumento 
619,619,619,619,619,619,619,619,619,619,619.0,619.0,0.0,required documents,Afrikaans,vereiste dokumente 
620,620,620,620,620,620,620,620,620,620,620.0,620.0,0.0,required documents,Tajiki,ҳуҷҷатҳои зарурӣ 
621,621,621,621,621,621,621,621,621,621,621.0,621.0,0.0,required documents,Uzbek,kerakli hujjatlar 
622,622,622,622,622,622,622,622,622,622,622.0,622.0,0.0,required documents,Vietnamese,tài liệu yêu cầu 
623,623,623,623,623,623,623,623,623,623,623.0,623.0,0.0,required documents,Armenian,պահանջվող փաստաթղթերը 
624,624,624,624,624,624,624,624,624,624,624.0,624.0,0.0,required documents,Macedonian,потребни документи 
625,625,625,625,625,625,625,625,625,625,625.0,625.0,0.0,required documents,Sinhala,අවශ්ය ලිපි ලේඛන 
626,626,626,626,626,626,626,626,626,626,626.0,626.0,0.0,required documents,Tamil,தேவையான ஆவணங்கள் 
627,627,627,627,627,627,627,627,627,627,627.0,627.0,0.0,required documents,Turkmen,zerur resminamalar 
628,628,628,628,628,628,628,628,628,628,628.0,628.0,0.0,required documents,Indonesian,dokumen yang dibutuhkan 
629,629,629,629,629,629,629,629,629,629,629.0,629.0,0.0,required documents,Lao,ເອກະສານທີ່ຕ້ອງການ 
630,630,630,630,630,630,630,630,630,0,,,,visa,Persian,ویزا 
631,631,631,631,631,631,631,631,631,0,,,,visa,Pashto,ویزه 
632,632,632,632,632,632,632,632,632,0,,,,visa,English,visa 
633,633,633,633,633,633,633,633,633,0,,,,visa,Arabic,تأشيرة دخول 
634,634,634,634,634,634,634,634,634,0,,,,visa,Belarusian,віза 
635,635,635,635,635,635,635,635,635,0,,,,visa,Kurdish,wîza 
636,636,636,636,636,636,636,636,636,0,,,,visa,French,visa 
637,637,637,637,637,637,637,637,637,0,,,,visa,Urdu,ویزا 
638,638,638,638,638,638,638,638,638,0,,,,visa,Russian,виза 
639,639,639,639,639,639,639,639,639,0,,,,visa,Somali,fiiso 
640,640,640,640,640,640,640,640,640,0,,,,visa,Turkish,vize 
641,641,641,641,641,641,641,641,641,0,,,,visa,Ukrainian,віза 
642,642,642,642,642,642,642,642,642,0,,,,visa,Albanian,viza 
643,643,643,643,643,643,643,643,643,0,,,,visa,Portuguese,visto 
644,644,644,644,644,644,644,644,644,0,,,,visa,Azerbaijani,viza 
645,645,645,645,645,645,645,645,645,0,,,,visa,Bengali,ভিসা 
646,646,646,646,646,646,646,646,646,0,,,,visa,Mandarin,显示 
647,647,647,647,647,647,647,647,647,0,,,,visa,Spanish,visa 
648,648,648,648,648,648,648,648,648,0,,,,visa,Amharic,ቪዛ 
649,649,649,649,649,649,649,649,649,0,,,,visa,Georgian,ვიზა 
650,650,650,650,650,650,650,650,650,0,,,,visa,Kazakh,виза 
651,651,651,651,651,651,651,651,651,0,,,,visa,Swahili,visa 
652,652,652,652,652,652,652,652,652,0,,,,visa,Croatian,Visa 
653,653,653,653,653,653,653,653,653,0,,,,visa,Kyrgyz,виза 
654,654,654,654,654,654,654,654,654,0,,,,visa,Romanian,Visa 
655,655,655,655,655,655,655,655,655,0,,,,visa,Burmese,ဗီဇာ 
656,656,656,656,656,656,656,656,656,0,,,,visa,Nepali,भिसा 
657,657,657,657,657,657,657,657,657,0,,,,visa,Hausa,biza 
658,658,658,658,658,658,658,658,658,0,,,,visa,Igbo,visa 
659,659,659,659,659,659,659,659,659,0,,,,visa,Filipino,visa 
660,660,660,660,660,660,660,660,660,0,,,,visa,Cebuano,visa 
661,661,661,661,661,661,661,661,661,0,,,,visa,Afrikaans,visum 
662,662,662,662,662,662,662,662,662,0,,,,visa,Tajiki,раводид 
663,663,663,663,663,663,663,663,663,0,,,,visa,Uzbek,viza 
664,664,664,664,664,664,664,664,664,0,,,,visa,Vietnamese,hộ chiếu 
665,665,665,665,665,665,665,665,665,0,,,,visa,Armenian,վիզա 
666,666,666,666,666,666,666,666,666,0,,,,visa,Macedonian,виза 
667,667,667,667,667,667,667,667,667,0,,,,visa,Sinhala,වීසා 
668,668,668,668,668,668,668,668,668,0,,,,visa,Tamil,விசா 
669,669,669,669,669,669,669,669,669,0,,,,visa,Turkmen,wiza 
670,670,670,670,670,670,670,670,670,0,,,,visa,Indonesian,Visa 
671,671,671,671,671,671,671,671,671,0,,,,visa,Lao,ວີຊາ 
672,672,672,672,672,672,672,672,672,0,,,,quota,Persian,سهمیه، سهم 
673,673,673,673,673,673,673,673,673,0,,,,quota,Pashto,کوټه 
674,674,674,674,674,674,674,674,674,0,,,,quota,English,quota 
675,675,675,675,675,675,675,675,675,0,,,,quota,Arabic,حصة نسبية 
676,676,676,676,676,676,676,676,676,0,,,,quota,Belarusian,квота 
677,677,677,677,677,677,677,677,677,0,,,,quota,Kurdish,par 
678,678,678,678,678,678,678,678,678,0,,,,quota,French,quota 
679,679,679,679,679,679,679,679,679,0,,,,quota,Urdu,کوٹہ 
680,680,680,680,680,680,680,680,680,0,,,,quota,Russian,квота 
681,681,681,681,681,681,681,681,681,0,,,,quota,Somali,kootada 
682,682,682,682,682,682,682,682,682,0,,,,quota,Turkish,kota 
683,683,683,683,683,683,683,683,683,0,,,,quota,Ukrainian,квота 
684,684,684,684,684,684,684,684,684,0,,,,quota,Albanian,kuota 
685,685,685,685,685,685,685,685,685,0,,,,quota,Portuguese,contingente 
686,686,686,686,686,686,686,686,686,0,,,,quota,Azerbaijani,kvota 
687,687,687,687,687,687,687,687,687,0,,,,quota,Bengali,কোটা 
688,688,688,688,688,688,688,688,688,0,,,,quota,Mandarin,引用 
689,689,689,689,689,689,689,689,689,0,,,,quota,Spanish,cuota 
690,690,690,690,690,690,690,690,690,0,,,,quota,Amharic,ኮታ 
691,691,691,691,691,691,691,691,691,0,,,,quota,Georgian,კვოტა 
692,692,692,692,692,692,692,692,692,0,,,,quota,Kazakh,квота 
693,693,693,693,693,693,693,693,693,0,,,,quota,Swahili,upendeleo 
694,694,694,694,694,694,694,694,694,0,,,,quota,Croatian,kvota 
695,695,695,695,695,695,695,695,695,0,,,,quota,Kyrgyz,квота 
696,696,696,696,696,696,696,696,696,0,,,,quota,Romanian,cotă 
697,697,697,697,697,697,697,697,697,0,,,,quota,Burmese,ခွဲတမ်း 
698,698,698,698,698,698,698,698,698,0,,,,quota,Nepali,कोटा 
699,699,699,699,699,699,699,699,699,0,,,,quota,Hausa,quidaya 
700,700,700,700,700,700,700,700,700,0,,,,quota,Igbo,oke 
701,701,701,701,701,701,701,701,701,0,,,,quota,Filipino,quota 
702,702,702,702,702,702,702,702,702,0,,,,quota,Cebuano,quota 
703,703,703,703,703,703,703,703,703,0,,,,quota,Afrikaans,kwota 
704,704,704,704,704,704,704,704,704,0,,,,quota,Tajiki,квота 
705,705,705,705,705,705,705,705,705,0,,,,quota,Uzbek,kvota 
706,706,706,706,706,706,706,706,706,0,,,,quota,Vietnamese,hạn ngạch 
707,707,707,707,707,707,707,707,707,0,,,,quota,Armenian,քվոտա 
708,708,708,708,708,708,708,708,708,0,,,,quota,Macedonian,квота 
709,709,709,709,709,709,709,709,709,0,,,,quota,Sinhala,කෝටා 
710,710,710,710,710,710,710,710,710,0,,,,quota,Tamil,ஒதுக்கீடு 
711,711,711,711,711,711,711,711,711,0,,,,quota,Turkmen,kwota 
712,712,712,712,712,712,712,712,712,0,,,,quota,Indonesian,kuota 
713,713,713,713,713,713,713,713,713,0,,,,quota,Lao,ໂຄຕາ 
